{
  "compilerOptions": {
    "allowJs": true,
    "lib": ["deno.window"],
    "strict": true,

    "allowUnreachableCode": false,
    "checkJs": false,
    "experimentalDecorators": false,
    "jsx": "react",
    "jsxFactory": "React.createElement",
    "jsxFragmentFactory": "React.Fragment",
    "jsxImportSource": "react",
    "keyofStringsOnly": false,
    "noFallthroughCasesInSwitch": false,
    "noImplicitAny": true,
    "noImplicitOverride": false,
    "noImplicitReturns": false,
    "noImplicitThis": true,
    "noImplicitUseStrict": true,
    "noStrictGenericChecks": false,
    "noUnusedLocals": false,
    "noUnusedParameters": false,
    "noUncheckedIndexedAccess": false,
    "strict": true,
    "strictBindCallApply": true,
    "strictFunctionTypes": true,
    "strictPropertyInitialization": true,
    "strictNullChecks": true,
    "suppressExcessPropertyErrors": false,
    "suppressImplicitAnyIndexErrors": false
  },
  "importMap": "import_map.json",
  "lint": {
    "files": {
      "include": ["src/"],
      "exclude": ["src/testdata/"]
    },
    "rules": {
      "tags": ["recommended"],
      "include": ["ban-untagged-todo"],
      "exclude": ["no-unused-vars"]
    },
    "report": "pretty"
  },
  "fmt": {
    "files": {
      "include": ["src/"],
      "exclude": ["src/testdata/", "src/js/", "src/.vscode/"]
    },
    "options": {
      "useTabs": true,
      "lineWidth": 100,
      "indentWidth": 2,
      "singleQuote": true,
      "proseWrap": "preserve"
    }
  },
  "test": {
    "files": {
      "include": ["src/"],
      "exclude": ["src/testdata/"]
    }
  },
  "bench": {
    "files": {
      "include": [],
      "exclude": []
    }
  },
  "lock": true
}
